COD LIGA,"CONTINENTE","PAIS","ENCENDIDO","LIGA","BETPLAY","BETSSON","SPORTIUM","STAKE","WPLAY","BWIN","BETANO","RUSHBET","CODERE PAIS","CODERE LIGA","ZAMBA","YA JUEGO","RIVALO","LUCKIA","BINGOCASINOS"	
1,"SUDAMERICA","Colombia","ACTIVO","Primera A Colombia","https://betplay.com.co/apuestas#sports-hub/football/colombia/liga_betplay_dimayor","https://www.betsson.co/apuestas-deportivas/futbol/colombia/colombia-primera-a?tab=liveAndUpcoming","https://sports.sportium.com.co/sports/soccer/competitions/soccer-co-sb_type_19311/matches","https://stake.com.co/es/deportes/football/colombia/primera","https://apuestas.wplay.co/es/t/19311/Colombia-Primera-A","https://www.bwin.co/es/sports/f%C3%BAtbol-4/apuestas/colombia-45","https://www.betano.co/sport/futbol/colombia/categoria-primera-a/16940/?bt=matchresult","https://www.rushbet.co/?page=sportsbook#filter/football/colombia/liga_betplay_dimayor","Colombia","Primera A Colombia","https://www.zamba.co/deportes/f%C3%BAtbol/colombia/primera-a,-apertura/matches/63528.1","https://sports.yajuego.co/competition/soccer/colombia/primeraa/1-325-167171","https://www.rivalo.co/es/sportsbook/football?tournament=sr:tournament:27070","https://www.luckia.co/apuestas/futbol/colombia-primera-a/51050/?date=sve","https://bingocasinos.co/es/football/liga+%C3%81guila"	
2,"SUDAMERICA","Colombia","","Primera B Colombia","https://betplay.com.co/apuestas#sports-hub/football/colombia/torneo_betplay_dimayor","https://www.betsson.co/apuestas-deportivas/futbol/colombia/colombia-primera-b?tab=liveAndUpcoming","https://sports.sportium.com.co/sports/soccer/competitions/soccer-co-sb_type_29812/matches","","","","","","Colombia","","","","","",""	
3,"SUDAMERICA","Colombia","","Copa Colombia","https://betplay.com.co/apuestas#sports-hub/football/colombia/copa_betplay_dimayor","https://www.betsson.co/apuestas-deportivas/futbol/colombia/copa-colombia?tab=liveAndUpcoming","https://sports.sportium.com.co/sports/soccer/competitions/soccer-co-sb_type_29698/matches","https://stake.com.co/es/deportes/football/colombia/copa-colombia","","","","https://www.rushbet.co/?page=sportsbook#filter/football/colombia/copa_betplay_dimayor","Colombia","","","","","",""	
4,"SUDAMERICA","Argentina","ACTIVO","Primera A Argentina","https://betplay.com.co/apuestas#sports-hub/football/argentina/liga_profesional_argentina","https://www.betsson.co/apuestas-deportivas/futbol/argentina/argentina-liga-profesional?tab=liveAndUpcoming","https://sports.sportium.com.co/sports/soccer/competitions/soccer-ar-sb_type_19296/matches","https://stake.com.co/es/deportes/football/argentina/primera-division","https://apuestas.wplay.co/es/t/19296/Argentina-Liga-Profesional-de-F%C3%BAtbol","https://www.bwin.co/es/sports/f%C3%BAtbol-4/apuestas/argentina-38/liga-profesional-102540","https://www.betano.co/sport/futbol/argentina/torneo-betano/195785/?bt=matchresult","https://www.rushbet.co/?page=sportsbook#filter/football/argentina/liga_profesional_argentina","Argentina","Liga Profesional","https://www.zamba.co/deportes/f%C3%BAtbol/argentina/primera-divisi%C3%B3n/matches/60341.1","https://sports.yajuego.co/popularCoupons/0/ligaprofesional/2102","https://www.rivalo.co/es/sportsbook/football?tournament=sr:tournament:155","","https://bingocasinos.co/es/football/ligaaprofesional-12-13"	
5,"SUDAMERICA","Argentina","","Primera B Nacional","https://betplay.com.co/apuestas#sports-hub/football/argentina/primera_b_nacional","","","","","","","","Argentina","","","","","",""	
6,"SUDAMERICA","Argentina","ACTIVO","Copa Argentina","https://betplay.com.co/apuestas#sports-hub/football/argentina/copa_argentina","https://www.betsson.co/apuestas-deportivas/futbol/argentina/copa-argentina?tab=liveAndUpcoming","https://sports.sportium.com.co/sports/soccer/competitions/soccer-ar-sb_type_19572/matches","","","","","","Argentina","Copa Argentina","https://www.zamba.co/deportes/f%C3%BAtbol/argentina/copa-argentina/matches/60370.1","","","https://www.luckia.co/apuestas/futbol/copa-argentina/51993/?date=sve","https://bingocasinos.co/es/football/copaaargentina-12-13"	
7,"SUDAMERICA","Brasil","ACTIVO","Seria A Brasileirao","https://betplay.com.co/apuestas#sports-hub/football/brazil/brasileirao_serie_a","https://www.betsson.co/apuestas-deportivas/futbol/brasil/brasil-serie-a?tab=liveAndUpcoming","https://sports.sportium.com.co/sports/soccer/competitions/soccer-br-sb_type_19297/matches","https://stake.com.co/es/deportes/football/brazil/serie-a","https://apuestas.wplay.co/es/t/19297/Brasil-Serie-A","https://www.bwin.co/es/sports/f%C3%BAtbol-4/apuestas/brasil-33/brasileiro-serie-a-102838","https://www.betano.co/sport/futbol/brasil/brasileirao-serie-a-betano/10016/?bt=matchresult","https://www.rushbet.co/?page=sportsbook#filter/football/brazil/brasileirao_serie_a","Brasil","Serie A Brasil","https://www.zamba.co/deportes/futbol/brasil/brasileiro-serie-a","https://sports.yajuego.co/popularCoupons/0/brasileiros%C3%A9riea/797","https://www.rivalo.co/es/sportsbook/football?tournament=sr:tournament:325","https://www.luckia.co/apuestas/futbol/brasil-carioca-serie-a/50474/?date=sve","https://bingocasinos.co/es/football/serieaa-14-13"	
8,"SUDAMERICA","Brasil","","Seria B Brasileirao","https://betplay.com.co/apuestas#sports-hub/football/brazil/brasileirao_serie_b","https://www.betsson.co/apuestas-deportivas/futbol/brasil/brasil-serie-b?tab=liveAndUpcoming","https://sports.sportium.com.co/sports/soccer/competitions/soccer-br-sb_type_19393/matches","","","https://www.bwin.co/es/sports/f%C3%BAtbol-4/apuestas/brasil-33/brasileiro-serie-b-102361","https://www.betano.co/sport/futbol/brasil/brasileirao-serie-b/10017/?bt=matchresult","","Brasil","","","","","",""	
9,"SUDAMERICA","Brasil","","Copa Brasil","https://betplay.com.co/apuestas#sports-hub/football/brazil/copa_do_brasil","https://www.betsson.co/apuestas-deportivas/futbol/brasil/copa-de-brasil?tab=liveAndUpcoming","","","","https://www.bwin.co/es/sports/f%C3%BAtbol-4/apuestas/brasil-33/copa-de-brasil-102723","https://www.betano.co/sport/futbol/brasil/copa-betano-do-brasil/10008/?bt=matchresult","https://www.rushbet.co/?page=sportsbook#filter/football/brazil/copa_do_brasil","Brasil","","","","","",""	
10,"SUDAMERICA","PerÃº","","Liga 1 perÃº","https://betplay.com.co/apuestas#sports-hub/football/peru/liga_1","https://www.betsson.co/apuestas-deportivas/futbol/peru/peru-liga-1?tab=liveAndUpcoming","https://sports.sportium.com.co/sports/soccer/competitions/soccer-pe-sb_type_19340/matches","https://stake.com.co/es/deportes/football/peru/primera-division","https://apuestas.wplay.co/es/t/19340/Per%C3%BA-Primera-Divisi%C3%B3n","https://www.bwin.co/es/sports/f%C3%BAtbol-4/apuestas/per%C3%BA-59/primera-divisi%C3%B3n-102732","https://www.betano.co/sport/futbol/peru/liga-1/17079/?bt=matchresult","https://www.rushbet.co/?page=sportsbook#filter/football/peru/liga_1","PerÃº","","https://www.zamba.co/deportes/f%C3%BAtbol/per%C3%BA/liga-1/matches/60270.1","https://sports.yajuego.co/competition/soccer/peru/primeradivision/1-80-101613","","","https://bingocasinos.co/es/football/primeraadivisi&oacute	n-108-13"
11,"SUDAMERICA","Ecuador","","Liga Pro Ecuador","https://betplay.com.co/apuestas#sports-hub/football/ecuador/liga_pro","https://www.betsson.co/apuestas-deportivas/futbol/ecuador/ecuador-ligapro?tab=liveAndUpcoming","https://sports.sportium.com.co/sports/soccer/competitions/soccer-ec-sb_type_19373","https://stake.com.co/es/deportes/football/ecuador/serie-a","https://apuestas.wplay.co/es/t/19373/Ecuador-Primera-A","https://www.bwin.co/es/sports/f%C3%BAtbol-4/apuestas/ecuador-110/ligapro-primera-a-102171","https://www.betano.co/sport/futbol/ecuador/liga-pro-serie-a/17249/?bt=matchresult","https://www.rushbet.co/?page=sportsbook#filter/football/ecuador/liga_pro","","","","","","",""	
12,"SUDAMERICA","Chile","","Primera A Chile","https://betplay.com.co/apuestas#sports-hub/football/chile/primera_chile","https://www.betsson.co/apuestas-deportivas/futbol/chile/chile-liga-de-primera?tab=liveAndUpcoming","https://sports.sportium.com.co/sports/soccer/competitions/soccer-cl-sb_type_19303","https://stake.com.co/es/deportes/football/chile/primera","https://apuestas.wplay.co/es/t/19303/Chile-Primera-Divisi%C3%B3n","https://www.bwin.co/es/sports/f%C3%BAtbol-4/apuestas/chile-56/primera-divisi%C3%B3n-102158","https://www.betano.co/sport/futbol/chile/liga-de-primera/16932/?bt=matchresult","","Chile","Chile Primera Division","","https://sports.yajuego.co/competition/soccer/chile/primeradivision/1-323-101431","","","https://bingocasinos.co/es/football/primeraadivision-15-13"	
13,"SUDAMERICA","Bolivia","","Primera A Bolivia","https://betplay.com.co/apuestas#sports-hub/football/bolivia/liga_profesional_bolivia","https://www.betsson.co/apuestas-deportivas/futbol/bolivia/bolivia-primera-division?tab=liveAndUpcoming","https://sports.sportium.com.co/sports/soccer/competitions/soccer-bo-1a234b2b-3f1d-41e6-87c6-ea311ab20cf0","https://stake.com.co/es/deportes/football/bolivia/liga-de-futbol-prof","https://apuestas.wplay.co/es/t/19786/Bolivia-Liga-de-F%C3%BAtbol-Profesional","https://www.bwin.co/es/sports/f%C3%BAtbol-4/apuestas/bolivia-44/divisi%C3%B3n-profesional-102510","https://www.betano.co/sport/futbol/bolivia/division-profesional/18274/?bt=matchresult","https://www.rushbet.co/?page=sportsbook#filter/football/bolivia/liga_profesional_bolivia","","","","","","",""	
14,"SUDAMERICA","Uruguay","","Primera A Uruguay","https://betplay.com.co/apuestas#sports-hub/football/uruguay/campeonato_uruguayo","https://www.betsson.co/apuestas-deportivas/futbol/uruguay/uruguay-primera-division?tab=liveAndUpcoming","https://sports.sportium.com.co/sports/soccer/competitions/soccer-uy-sb_type_19398","https://stake.com.co/es/deportes/football/uruguay/primera-division","https://apuestas.wplay.co/es/t/19398/Uruguay-Primera-Divisi%C3%B3n","https://www.bwin.co/es/sports/f%C3%BAtbol-4/apuestas/uruguay-47/primera-divisi%C3%B3n-102231","","","Uruguay","","","","","",""	
15,"SUDAMERICA","Paraguay","ACTIVO","Primera A Paraguay","https://betplay.com.co/apuestas#sports-hub/football/paraguay/primera_paraguay","https://www.betsson.co/apuestas-deportivas/futbol/paraguay/paraguay-primera-division?tab=liveAndUpcoming","https://sports.sportium.com.co/sports/soccer/competitions/soccer-py-sb_type_19359","https://stake.com.co/es/deportes/football/paraguay/primera","https://apuestas.wplay.co/es/t/19359/Paraguay-Primera-Divisi%C3%B3n","https://www.bwin.co/es/sports/f%C3%BAtbol-4/apuestas/paraguay-48/primera-divisi%C3%B3n-apertura-102267","https://www.betano.co/sport/futbol/paraguay/primera-division/17078/","","","","https://www.zamba.co/deportes/f%C3%BAtbol/paraguay/divisi%C3%B3n-de-honor,-apertura/matches/63385.1","https://sports.yajuego.co/competition/soccer/paraguay/primeradivision/1-359-101337","https://www.rivalo.co/es/sportsbook/football?tournament=sr:tournament:27098","","https://bingocasinos.co/es/football/paraguayaprimeraadivision-242-13"	
16,"EUROPA A","Inglaterra","ACTIVO","Premier League Inglesa","https://betplay.com.co/apuestas#sports-hub/football/england/premier_league","https://www.betsson.co/apuestas-deportivas/futbol/inglaterra/inglaterra-premier-league-epl?tab=liveAndUpcoming","https://sports.sportium.com.co/sports/soccer/competitions/soccer-en-sb_type_19157","https://stake.com.co/es/deportes/football/england/premier-league","https://apuestas.wplay.co/es/t/19157/Inglaterra-Premier-League","https://www.bwin.co/es/sports/f%C3%BAtbol-4/apuestas/inglaterra-14/premier-league-102841","https://www.betano.co/sport/futbol/inglaterra/premier-league/1/?bt=matchresult","https://www.rushbet.co/?page=sportsbook#filter/football/england/premier_league","Inglaterra","Premier League","https://www.zamba.co/deportes/futbol/inglaterra/liga-premier","https://sports.yajuego.co/competition/soccer/england/premierleague/1-61-101226","https://www.rivalo.co/es/sportsbook/football?tournament=sr:tournament:17","https://www.luckia.co/apuestas/futbol/inglaterra-premier-league/3032/?date=sve","https://bingocasinos.co/es/football/england+premier+league"	
17,"EUROPA A","Inglaterra","ACTIVO","Championship Inglesa","https://betplay.com.co/apuestas#sports-hub/football/england/the_championship","https://www.betsson.co/apuestas-deportivas/futbol/inglaterra/inglaterra-efl-championship?tab=liveAndUpcoming","https://sports.sportium.com.co/sports/soccer/competitions/soccer-en-sb_type_19156/matches","https://stake.com.co/es/deportes/football/england/championship","https://apuestas.wplay.co/es/t/19156/Inglaterra-Championship","https://www.bwin.co/es/sports/f%C3%BAtbol-4/apuestas/inglaterra-14/championship-102839","https://www.betano.co/sport/futbol/inglaterra/championship/2/?bt=matchresult","https://www.rushbet.co/?page=sportsbook#filter/football/england/the_championship","Inglaterra","Championship","https://www.zamba.co/deportes/f%C3%BAtbol/inglaterra/campeonato/matches/60359.1","https://sports.yajuego.co/competition/soccer/england/championship/1-61-101227","https://www.rivalo.co/es/sportsbook/football?tournament=sr:tournament:18","https://www.luckia.co/apuestas/futbol/inglaterra-championship/2998/?date=sve","https://bingocasinos.co/es/football/theachampionship-96-13"	
18,"EUROPA A","Inglaterra","ACTIVO","FA CUP Inglesa","https://betplay.com.co/apuestas#sports-hub/football/england/fa_cup","https://www.betsson.co/apuestas-deportivas/futbol/inglaterra/inglaterra-fa-cup?tab=liveAndUpcoming","https://sports.sportium.com.co/sports/soccer/competitions/soccer-en-sb_type_19207/matches","https://stake.com.co/es/deportes/football/england/fa-cup","https://apuestas.wplay.co/es/t/19207/Inglaterra-FA-Cup","https://www.bwin.co/es/sports/f%C3%BAtbol-4/apuestas/inglaterra-14/fa-cup-102802","https://www.betano.co/sport/futbol/inglaterra/copa-de-la-fa/218/?bt=matchresult","https://www.rushbet.co/?page=sportsbook#filter/football/england/fa_cup","Inglaterra","FA Cup","","https://sports.yajuego.co/popularCoupons/0/copafa/2361","https://www.rivalo.co/es/sportsbook/football?tournament=sr:tournament:19","https://www.luckia.co/apuestas/futbol/inglaterra-copa-fa/3013/?date=sve","https://bingocasinos.co/es/football/englandafaacup-96-13"	
19,"EUROPA A","Italia","ACTIVO","Serie A Italiana","https://betplay.com.co/apuestas#sports-hub/football/italy/serie_a","https://www.betsson.co/apuestas-deportivas/futbol/italia/italia-serie-a?tab=liveAndUpcoming","https://sports.sportium.com.co/sports/soccer/competitions/soccer-it-sb_type_19159/matches","https://stake.com.co/es/deportes/football/italy/serie-a","https://apuestas.wplay.co/es/t/19159/Serie-A","https://www.bwin.co/es/sports/f%C3%BAtbol-4/apuestas/italia-20/serie-a-102846","https://www.betano.co/sport/futbol/italia/serie-a/1635/?bt=matchresult","https://www.rushbet.co/?page=sportsbook#filter/football/italy/serie_a","Italia","Serie A","https://www.zamba.co/deportes/futbol/italia/serie-a","https://sports.yajuego.co/popularCoupons/0/seriea/791","https://www.rivalo.co/es/sportsbook/football?tournament=sr:tournament:23","https://www.luckia.co/apuestas/futbol/italia-serie-a/3047/?date=sve","https://bingocasinos.co/es/football/serie+a+tim"	
20,"EUROPA A","Italia","ACTIVO","Serie B Italiana","https://betplay.com.co/apuestas#sports-hub/football/italy/serie_b","https://www.betsson.co/apuestas-deportivas/futbol/italia/italia-serie-b?tab=liveAndUpcoming","https://sports.sportium.com.co/sports/soccer/competitions/soccer-it-sb_type_19328/matches","https://stake.com.co/es/deportes/football/italy/serie-b","https://apuestas.wplay.co/es/t/19328/Serie-B","https://www.bwin.co/es/sports/f%C3%BAtbol-4/apuestas/italia-20/serie-b-102848","https://www.betano.co/sport/futbol/italia/serie-b/10210/?bt=matchresult","https://www.rushbet.co/?page=sportsbook#filter/football/italy/serie_b","Italia","Serie B","","https://sports.yajuego.co/competition/soccer/italy/serieb/1-186-101238","https://www.rivalo.co/es/sportsbook/football?tournament=sr:tournament:53","https://www.luckia.co/apuestas/futbol/italia-serie-b/50469/?date=sve","https://bingocasinos.co/es/football/serieab-112-13"	
21,"EUROPA A","Italia","ACTIVO","Coppa Italia","https://betplay.com.co/apuestas#sports-hub/football/italy/coppa_italia","https://www.betsson.co/apuestas-deportivas/futbol/italia/italia-copa-de-italia?tab=liveAndUpcoming","https://sports.sportium.com.co/sports/soccer/competitions/soccer-it-sb_type_19417/matches","https://stake.com.co/es/deportes/football/italy/coppa-italia","https://apuestas.wplay.co/es/t/19417/Coppa-Italia","https://www.bwin.co/es/sports/f%C3%BAtbol-4/apuestas/italia-20/copa-de-italia-102811","https://www.betano.co/sport/futbol/italia/coppa-italia/10815/?bt=matchresult","https://www.rushbet.co/?page=sportsbook#filter/football/italy/coppa_italia","Italia","Coppa Italia","https://www.zamba.co/deportes/f%C3%BAtbol/italia/copa-italia/matches/60441.1","https://sports.yajuego.co/popularCoupons/0/copadeitalia/2181","https://www.rivalo.co/es/sportsbook/football?tournament=sr:tournament:328","https://www.luckia.co/apuestas/futbol/coppa-italia/50613/?date=sve","https://bingocasinos.co/es/football/coppaaitalia-112-13"	
22,"EUROPA A","EspaÃ±a","ACTIVO","La Liga EspaÃ±ola","https://betplay.com.co/apuestas#sports-hub/football/spain/la_liga","https://www.betsson.co/apuestas-deportivas/futbol/espana/espana-la-liga?tab=liveAndUpcoming","https://sports.sportium.com.co/sports/soccer/competitions/soccer-es-sb_type_19160/matches","https://stake.com.co/es/deportes/football/spain/la-liga","https://apuestas.wplay.co/es/t/19160/La-Liga","https://www.bwin.co/es/sports/f%C3%BAtbol-4/apuestas/espa%C3%B1a-28/laliga-102829","https://www.betano.co/sport/futbol/espana/laliga/5/?bt=matchresult","https://www.rushbet.co/?page=sportsbook#filter/football/spain/la_liga","EspaÃ±a","Primera DivisiÃ³n","https://www.zamba.co/deportes/futbol/espa%C3%B1ola/laliga","https://sports.yajuego.co/popularCoupons/0/laliga/788","https://www.rivalo.co/es/sportsbook/football?tournament=sr:tournament:8","https://www.luckia.co/apuestas/futbol/la-liga-espana/?date=sve","https://bingocasinos.co/es/football/laliga-95-13"	
23,"EUROPA A","EspaÃ±a","ACTIVO","La Liga 2 EspaÃ±ola","https://betplay.com.co/apuestas#sports-hub/football/spain/la_liga_2","https://www.betsson.co/apuestas-deportivas/futbol/espana/espana-segunda-division?tab=liveAndUpcoming","https://sports.sportium.com.co/sports/soccer/competitions/soccer-es-sb_type_48352/matches","https://stake.com.co/es/deportes/football/spain/segunda","https://apuestas.wplay.co/es/t/48352/Segunda","https://www.bwin.co/es/sports/f%C3%BAtbol-4/apuestas/espa%C3%B1a-28/laliga-2-102830","https://www.betano.co/sport/futbol/espana/segunda-division/10000/?bt=matchresult","https://www.rushbet.co/?page=sportsbook#filter/football/spain/la_liga_2","EspaÃ±a","Segunda DivisiÃ³n","https://www.zamba.co/deportes/f%C3%BAtbol/espa%C3%B1a/laliga-2/matches/60348.1","https://sports.yajuego.co/popularCoupons/0/laliga2/2461","https://www.rivalo.co/es/sportsbook/football?tournament=sr:tournament:54","https://www.luckia.co/apuestas/futbol/espana-segunda/50486/?date=sve","https://bingocasinos.co/es/football/laliga2-95-13"	
24,"EUROPA A","EspaÃ±a","","Copa Del Rey EspaÃ±ola","https://betplay.com.co/apuestas#sports-hub/football/spain/copa_del_rey","https://www.betsson.co/apuestas-deportivas/futbol/espana/espana-copa-del-rey?tab=liveAndUpcoming","https://sports.sportium.com.co/sports/soccer/competitions/soccer-es-sb_type_19213/matches","","","https://www.bwin.co/es/sports/f%C3%BAtbol-4/apuestas/espa%C3%B1a-28/copa-del-rey-102728","https://www.betano.co/sport/futbol/espana/copa-del-rey/10067/?bt=matchresult","","EspaÃ±a","Copa Del Rey","","","","",""	
25,"EUROPA A","Alemania","ACTIVO","Bundesliga Alemana","https://betplay.com.co/apuestas#sports-hub/football/germany/bundesliga","https://www.betsson.co/apuestas-deportivas/futbol/alemania/alemania-bundesliga?tab=liveAndUpcoming","https://sports.sportium.com.co/sports/soccer/competitions/soccer-de-sb_type_19158/matches","https://stake.com.co/es/deportes/football/germany/bundesliga","https://apuestas.wplay.co/es/t/19158/Bundesliga-1","https://www.bwin.co/es/sports/f%C3%BAtbol-4/apuestas/alemania-17/bundesliga-102842","https://www.betano.co/sport/futbol/alemania/bundesliga/216/?bt=matchresult","https://www.rushbet.co/?page=sportsbook#filter/football/germany/bundesliga","Alemania","Bundesliga","https://www.zamba.co/deportes/futbol/alemania/bundesliga","https://sports.yajuego.co/popularCoupons/0/bundesliga/2081","https://www.rivalo.co/es/sportsbook/football?tournament=sr:tournament:35","https://www.luckia.co/apuestas/futbol/alemania-bundesliga/50480/?date=sve","https://bingocasinos.co/es/football/bundesliga-94-13"	
26,"EUROPA A","Alemania","ACTIVO","Bundesliga 2 Alemana","https://betplay.com.co/apuestas#sports-hub/football/germany/2__bundesliga","https://www.betsson.co/apuestas-deportivas/futbol/alemania/alemania-2-bundesliga?tab=liveAndUpcoming","https://sports.sportium.com.co/sports/soccer/competitions/soccer-de-sb_type_19344/matches","https://stake.com.co/es/deportes/football/germany/2-bundesliga","","https://www.bwin.co/es/sports/f%C3%BAtbol-4/apuestas/alemania-17/2-bundesliga-102845","https://www.betano.co/sport/futbol/alemania/2-bundesliga/217/?bt=matchresult","https://www.rushbet.co/?page=sportsbook#filter/football/germany/2__bundesliga","Alemania","Bundesliga 2","","https://sports.yajuego.co/competition/soccer/germany/2.bundesliga/1-5-101242","https://www.rivalo.co/es/sportsbook/football?tournament=sr:tournament:44","https://www.luckia.co/apuestas/futbol/alemania-bundesliga-2/50463/?date=sve","https://bingocasinos.co/es/football/2.bundesliga"	
27,"EUROPA A","Alemania","","DFB Pokal Alemania","https://betplay.com.co/apuestas#sports-hub/football/germany/dfb_pokal","https://www.betsson.co/apuestas-deportivas/futbol/alemania/alemania-dfb-pokal?tab=liveAndUpcoming","","https://stake.com.co/es/deportes/football/germany/dfb-pokal","","https://www.bwin.co/es/sports/f%C3%BAtbol-4/apuestas/alemania-17/copa-de-alemania-102809","https://www.betano.co/sport/futbol/alemania/dfb-pokal/10486/?bt=matchresult","https://www.rushbet.co/?page=sportsbook#filter/football/germany/dfb_pokal","Alemania","DFB Pokal","","https://sports.yajuego.co/competition/soccer/germany/dfbpokal/1-5-101475","https://www.rivalo.co/es/sportsbook/football?tournament=sr:tournament:217","",""	
28,"EUROPA A","Francia","ACTIVO","Ligue 1 France","https://betplay.com.co/apuestas#sports-hub/football/france/ligue_1","https://www.betsson.co/apuestas-deportivas/futbol/francia/francia-ligue-1?tab=liveAndUpcoming","https://sports.sportium.com.co/sports/soccer/competitions/soccer-fr-sb_type_19327/matches","https://stake.com.co/es/deportes/football/france/ligue-1","https://apuestas.wplay.co/es/t/19327/Ligue-1","https://www.bwin.co/es/sports/f%C3%BAtbol-4/apuestas/francia-16/ligue-1-102843","https://www.betano.co/sport/futbol/francia/ligue-1/215/?bt=matchresult","https://www.rushbet.co/?page=sportsbook#filter/football/france/ligue_1","Francia","Ligue 1","https://www.zamba.co/deportes/f%C3%BAtbol/francia/liga-1/matches/60327.1","https://sports.yajuego.co/popularCoupons/0/ligue1/2062","https://www.rivalo.co/es/sportsbook/football?tournament=sr:tournament:34","https://www.luckia.co/apuestas/futbol/francia-ligue-1/3014/?date=sve","https://bingocasinos.co/es/football/liguea1a90-90-13"	
29,"EUROPA A","Francia","ACTIVO","Ligue 2 France","https://betplay.com.co/apuestas#sports-hub/football/france/ligue_2","https://www.betsson.co/apuestas-deportivas/futbol/francia/francia-ligue-2?tab=liveAndUpcoming","https://sports.sportium.com.co/sports/soccer/competitions/soccer-fr-sb_type_19405/matches","https://stake.com.co/es/deportes/football/france/ligue-2","https://apuestas.wplay.co/es/t/19405/Ligue-2","https://www.bwin.co/es/sports/f%C3%BAtbol-4/apuestas/francia-16/ligue-2-102376","https://www.betano.co/sport/futbol/francia/ligue-2/10467/?bt=matchresult","https://www.rushbet.co/?page=sportsbook#filter/football/france/ligue_2","Francia","Ligue 2","https://www.zamba.co/deportes/f%C3%BAtbol/francia/liga-2/matches/60346.1","https://sports.yajuego.co/competition/soccer/france/ligue2/1-88-101216","https://www.rivalo.co/es/sportsbook/football?tournament=sr:tournament:182","https://www.luckia.co/apuestas/futbol/francia-ligue-2/3008/?date=sve","https://bingocasinos.co/es/football/liguea2-90-13"	
30,"EUROPA A","Francia","","Coupe De France","https://betplay.com.co/apuestas#sports-hub/football/france/coupe_de_france","https://www.betsson.co/apuestas-deportivas/futbol/francia/francia-copa-de-francia?tab=liveAndUpcoming","https://sports.sportium.com.co/sports/soccer/competitions/soccer-fr-sb_type_26463/matches","https://stake.com.co/es/deportes/football/france/coupe-de-france","https://apuestas.wplay.co/es/t/26463/Coupe-de-France","https://www.bwin.co/es/sports/f%C3%BAtbol-4/apuestas/francia-16/copa-de-francia-102808","https://www.betano.co/sport/futbol/francia/coupe-de-france/11963/?bt=matchresult","https://www.rushbet.co/?page=sportsbook#filter/football/france/coupe_de_france","Francia","Copa de Francia","","https://sports.yajuego.co/popularCoupons/0/copadefrancia/2341","https://www.rivalo.co/es/sportsbook/football?tournament=sr:tournament:335","",""	
31,"EUROPA A","TurquÃ­a","ACTIVO","SÃ¼per Lig Turca","https://betplay.com.co/apuestas#sports-hub/football/turkey/super_lig","https://www.betsson.co/apuestas-deportivas/futbol/turquia/turquia-superliga?tab=liveAndUpcoming","https://sports.sportium.com.co/sports/soccer/competitions/soccer-tr-sb_type_19363","https://stake.com.co/es/deportes/football/turkey/super-lig","https://apuestas.wplay.co/es/t/19363/Turqu%C3%ADa-Super-League","https://www.bwin.co/es/sports/f%C3%BAtbol-4/apuestas/turqu%C3%ADa-31/superliga-102832","https://www.betano.co/sport/futbol/turquia/super-lig/17093/?bt=matchresult","https://www.rushbet.co/?page=sportsbook#filter/football/turkey/super_lig","TurquÃ­a","Super Lig","","https://sports.yajuego.co/competition/soccer/turkey/superlig/1-89-101253","https://www.rivalo.co/es/sportsbook/football?tournament=sr:tournament:52","https://www.luckia.co/apuestas/futbol/turquia-super-lig/3003/?date=sve","https://bingocasinos.co/es/football/superalig-92-13"	
32,"EUROPA A","PaÃ­ses Bajos","ACTIVO","Eredivisie Holandesa","https://betplay.com.co/apuestas#sports-hub/football/netherlands/eredivisie","https://www.betsson.co/apuestas-deportivas/futbol/paises-bajos/paises-bajos-eredivisie?tab=liveAndUpcoming","https://sports.sportium.com.co/sports/soccer/competitions/soccer-nl-sb_type_19358/matches","https://stake.com.co/es/deportes/football/netherlands/eredivisie","https://apuestas.wplay.co/es/t/19358/Holanda-Eredivisie","https://www.bwin.co/es/sports/f%C3%BAtbol-4/apuestas/pa%C3%ADses-bajos-36/eredivisie-102847","https://www.betano.co/sport/futbol/paises-bajos/eredivisie/17067/?bt=matchresult","https://www.rushbet.co/?page=sportsbook#filter/football/netherlands/eredivisie","Paises Bajos","Eredivisie","https://www.zamba.co/deportes/f%C3%BAtbol/pa%C3%ADses-bajos/divisi%C3%B3n-de-honor/matches/60358.1","https://sports.yajuego.co/competition/soccer/netherlands/eredivisie/1-71-101241","","https://www.luckia.co/apuestas/futbol/paises-bajos-eredivisie/50482/?date=sve","https://bingocasinos.co/es/football/eredivisie-332-13"	
33,"EUROPA A","Portugal","ACTIVO","Primeira Liga portuguesa","https://betplay.com.co/apuestas#sports-hub/football/portugal/primeira_liga","https://www.betsson.co/apuestas-deportivas/futbol/portugal/portugal-primeira-liga?tab=liveAndUpcoming","https://sports.sportium.com.co/sports/soccer/competitions/soccer-pt-sb_type_19211/matches","https://stake.com.co/es/deportes/football/portugal/primeira-liga","https://apuestas.wplay.co/es/t/19211/Portugal-Primeira-Liga","https://www.bwin.co/es/sports/f%C3%BAtbol-4/apuestas/portugal-37/primeira-liga-102851","https://www.betano.co/sport/futbol/portugal/primeira-liga/17083/?bt=matchresult","https://www.rushbet.co/?page=sportsbook#filter/football/portugal/primeira_liga","Portugal","Primeira Liga","https://www.zamba.co/deportes/f%C3%BAtbol/portugal/liga-portugal/matches/60444.1","https://sports.yajuego.co/competition/soccer/portugal/primeiraliga/1-361-101247","https://www.rivalo.co/es/sportsbook/football?tournament=sr:tournament:238","https://www.luckia.co/apuestas/futbol/portugal-primeira-liga/50466/?date=sve","https://bingocasinos.co/es/football/primeiraaliga-354-13"	
34,"EUROPA A","BÃ©lgica","ACTIVO","Jupiter League","https://betplay.com.co/apuestas#sports-hub/football/belgium/jupiler_pro_league","https://www.betsson.co/apuestas-deportivas/futbol/belgica/belgica-jupiler-league?tab=liveAndUpcoming","https://sports.sportium.com.co/sports/soccer/competitions/soccer-be-sb_type_19372/matches","https://stake.com.co/es/deportes/football/belgium/jupiler-league","https://apuestas.wplay.co/es/t/19372/B%C3%A9lgica-1ra-Divisi%C3%B3n-A","https://www.bwin.co/es/sports/f%C3%BAtbol-4/apuestas/b%C3%A9lgica-35/jupiler-pro-league-0:12","https://www.betano.co/sport/futbol/belgica/1a-pro-league/16849/?bt=matchresult","https://www.rushbet.co/?page=sportsbook#filter/football/belgium/jupiler_pro_league","BÃ©lgica","Jupiler Pro League","https://www.zamba.co/deportes/f%C3%BAtbol/b%C3%A9lgica/liga-pro/matches/60356.1","https://sports.yajuego.co/competition/soccer/belgium/proleague/1-82-101225","https://www.rivalo.co/es/sportsbook/football?tournament=sr:tournament:38","https://www.luckia.co/apuestas/futbol/belgica-pro-league/50458/?date=sve","https://bingocasinos.co/es/football/jupileraleague-459-13"	
35,"EUROPA A","Republica Checa","","Primera A Checa","https://betplay.com.co/apuestas#sports-hub/football/czech_republic/first_league","https://www.betsson.co/apuestas-deportivas/futbol/republica-checa/republica-checa-liga-1?tab=liveAndUpcoming","https://sports.sportium.com.co/sports/soccer/competitions/soccer-cz-sb_type_19403/matches","https://stake.com.co/es/deportes/football/czech-republic/1-liga","https://apuestas.wplay.co/es/t/19403/Rep%C3%BAblica-Checa-First-League","https://www.bwin.co/es/sports/f%C3%BAtbol-4/apuestas/rep%C3%BAblica-checa-12/1%C2%AA-liga-101587","https://www.betano.co/sport/futbol/republica-checa/1-liga/16952/?bt=matchresult","https://www.rushbet.co/?page=sportsbook#filter/football/czech_republic/first_league","RepÃºblica Checa","","","","https://www.rivalo.co/es/sportsbook/football?tournament=sr:tournament:172","","https://bingocasinos.co/es/football/czechafirstaleague-4-13"	
36,"EUROPA A","Grecia","ACTIVO","Super League Greca","https://betplay.com.co/apuestas#sports-hub/football/greece/super_league","https://www.betsson.co/apuestas-deportivas/futbol/grecia/grecia-super-liga-1?tab=liveAndUpcoming","https://sports.sportium.com.co/sports/soccer/competitions/soccer-gr-sb_type_19209/matches","https://stake.com.co/es/deportes/football/greece/super-league","https://apuestas.wplay.co/es/t/19209/Grecia-Super-League","https://www.bwin.co/es/sports/f%C3%BAtbol-4/apuestas/grecia-18/super-league-102844","https://www.betano.co/sport/futbol/grecia/super-league-1/1636/?bt=matchresult","https://www.rushbet.co/?page=sportsbook#filter/football/greece/super_league","Grecia","Grecia Super League","https://www.zamba.co/deportes/f%C3%BAtbol/grecia/superliga/matches/60428.1","https://sports.yajuego.co/competition/soccer/greece/superleague/1-79-101273","https://www.rivalo.co/es/sportsbook/football?tournament=sr:tournament:185","https://www.luckia.co/apuestas/futbol/grecia-super-league/3043/?date=sve","https://bingocasinos.co/es/football/superaleague-770-13"	
37,"EUROPA A","Noruega","","Eliteserien Noruega","https://betplay.com.co/apuestas#sports-hub/football/norway/eliteserien","https://www.betsson.co/apuestas-deportivas/futbol/noruega/tippeligaen-noruega?tab=liveAndUpcoming","https://sports.sportium.com.co/sports/soccer/competitions/soccer-no-sb_type_19472/matches","https://stake.com.co/es/deportes/football/norway/eliteserien","","https://www.bwin.co/es/sports/f%C3%BAtbol-4/apuestas/noruega-21/eliteserien-102275","","https://www.rushbet.co/?page=sportsbook#filter/football/norway/eliteserien","","","","","","",""	
38,"EUROPA A","Polonia","","Ekstraklasa polaca","https://betplay.com.co/apuestas#sports-hub/football/poland/ekstraklasa","https://www.betsson.co/apuestas-deportivas/futbol/polonia/polonia-ekstraklasa?tab=liveAndUpcoming","https://sports.sportium.com.co/sports/soccer/competitions/soccer-pl-sb_type_19336/matches","https://stake.com.co/es/deportes/football/poland/ekstraklasa","https://apuestas.wplay.co/es/t/19336/Polonia-Ekstraklasa","https://www.bwin.co/es/sports/f%C3%BAtbol-4/apuestas/polonia-22/liga-ekstraklasa-2063","","https://www.rushbet.co/?page=sportsbook#filter/football/poland/ekstraklasa","Polonia","","","","","",""	
39,"EUROPA A","Dinamarca","ACTIVO","Superligaen Danesa","https://betplay.com.co/apuestas#sports-hub/football/denmark/superligaen","https://www.betsson.co/apuestas-deportivas/futbol/dinamarca/superliga?tab=liveAndUpcoming","https://sports.sportium.com.co/sports/soccer/competitions/soccer-dk-sb_type_19299/matches","https://stake.com.co/es/deportes/football/denmark/superliga","","https://www.bwin.co/es/sports/f%C3%BAtbol-4/apuestas/dinamarca-13/superligaen-102837","https://www.betano.co/sport/futbol/dinamarca/superligaen/16955/?bt=matchresult","https://www.rushbet.co/?page=sportsbook#filter/football/denmark/superligaen","Dinamarca","Superliga Dinamarca","","https://sports.yajuego.co/competition/soccer/denmark/superligaen/1-70-101229","https://www.rivalo.co/es/sportsbook/football?tournament=sr:tournament:39","","https://bingocasinos.co/es/football/superligaen-25-13"	
40,"EUROPA A","Austria","","Bundesliga Austriaca","https://betplay.com.co/apuestas#sports-hub/football/austria/bundesliga","https://www.betsson.co/apuestas-deportivas/futbol/austria/austria-bundesliga?tab=liveAndUpcoming","https://sports.sportium.com.co/sports/soccer/competitions/soccer-at-sb_type_19347","https://stake.com.co/es/deportes/football/austria/bundesliga","https://apuestas.wplay.co/es/t/19347/Austria-Bundesliga","https://www.bwin.co/es/sports/f%C3%BAtbol-4/apuestas/austria-8/bundesliga-102835","https://www.betano.co/sport/futbol/austria/bundesliga/16823/?bt=matchresult","https://www.rushbet.co/?page=sportsbook#filter/football/austria/bundesliga","Austria","Bundesliga Austria","","https://sports.yajuego.co/competition/soccer/austria/bundesliga/1-104-101235","https://www.rivalo.co/es/sportsbook/football?tournament=sr:tournament:45","","https://bingocasinos.co/es/football/bundesliga-21-13"	
41,"EUROPA B","Suiza","ACTIVO","Super League Suiza","https://betplay.com.co/apuestas#sports-hub/football/switzerland/super_league","https://www.betsson.co/apuestas-deportivas/futbol/suiza/suiza-super-liga?tab=liveAndUpcoming","https://sports.sportium.com.co/sports/soccer/competitions/soccer-ch-sb_type_19305/matches","https://stake.com.co/es/deportes/football/switzerland/super-league","https://apuestas.wplay.co/es/t/19305/Suiza-Super-Liga","https://www.bwin.co/es/sports/f%C3%BAtbol-4/apuestas/suiza-30/superliga-102378","https://www.betano.co/sport/futbol/suiza/superliga/17122/?bt=matchresult","https://www.rushbet.co/?page=sportsbook#filter/football/switzerland/super_league","Suiza","Superliga Suiza","https://www.zamba.co/deportes/f%C3%BAtbol/suiza/superliga/matches/60385.1","https://sports.yajuego.co/competition/soccer/switzerland/superleague/1-369-101311","https://www.rivalo.co/es/sportsbook/football?tournament=sr:tournament:215","","https://bingocasinos.co/es/football/superaleague-111-13"	
42,"EUROPA B","Chipre","ACTIVO","Primera A Chipre","https://betplay.com.co/apuestas#sports-hub/football/cyprus/1st_division","https://www.betsson.co/apuestas-deportivas/futbol/cyprus/chipre-1a-division?tab=liveAndUpcoming","https://sports.sportium.com.co/sports/soccer/competitions/soccer-cy-sb_type_19331","https://stake.com.co/es/deportes/football/cyprus/first-division","https://apuestas.wplay.co/es/t/19331/Chipre-Division-1","https://www.bwin.co/es/sports/f%C3%BAtbol-4/apuestas/chipre-58/primera-divisi%C3%B3n-101413","https://www.betano.co/sport/futbol/chipre/division-1/16947/?bt=matchresult","","Chipre","Chipre 1.Division","https://www.zamba.co/deportes/f%C3%BAtbol/chipre/1%C2%AA-divisi%C3%B3n/matches/60501.1","https://sports.yajuego.co/competition/soccer/cyprus/1stdivision/1-327-101289","https://www.rivalo.co/es/sportsbook/football?tournament=sr:tournament:171","https://www.luckia.co/apuestas/futbol/chipre-1-division/50531/?date=sve","https://bingocasinos.co/es/football/divisiona1-708-13"	
43,"EUROPA B","Escocia","ACTIVO","Premiership Scottish","https://betplay.com.co/apuestas#sports-hub/football/scotland/scottish_premiership","https://www.betsson.co/apuestas-deportivas/futbol/escocia/premier-league-escocesa?tab=liveAndUpcoming","https://sports.sportium.com.co/sports/soccer/competitions/soccer-sco-sb_type_19208/matches","https://stake.com.co/es/deportes/football/scotland/premiership","https://apuestas.wplay.co/es/t/19208/Escocia-Premiership","https://www.bwin.co/es/sports/f%C3%BAtbol-4/apuestas/escocia-26/premiership-102853","https://www.betano.co/sport/futbol/escocia/premiership/1647/?bt=matchresult","https://www.rushbet.co/?page=sportsbook#filter/football/scotland/scottish_premiership","Escocia","Premiership Escocia","https://www.zamba.co/deportes/f%C3%BAtbol/escocia/premiership/matches/60351.1","https://sports.yajuego.co/competition/soccer/scotland/premiership/1-73-101249","https://www.rivalo.co/es/sportsbook/football?tournament=sr:tournament:36","https://www.luckia.co/apuestas/futbol/escocia-premiership/3038/?date=sve","https://bingocasinos.co/es/football/scotlandapremiership-249-13"	
44,"EUROPA B","Suecia","","Allsvenskan Sueca","https://betplay.com.co/apuestas#sports-hub/football/sweden/allsvenskan","https://www.betsson.co/apuestas-deportivas/futbol/suecia/suecia-allsvenskan?tab=liveAndUpcoming","https://sports.sportium.com.co/sports/soccer/competitions/soccer-se-sb_type_19308/matches","https://stake.com.co/es/deportes/football/sweden/allsvenskan","https://apuestas.wplay.co/es/t/19308/Suecia-Allsvenskan","https://www.bwin.co/es/sports/f%C3%BAtbol-4/apuestas/suecia-29/allsvenskan-102831","","https://www.rushbet.co/?page=sportsbook#filter/football/sweden/allsvenskan","Suecia","","","","","",""	
45,"EUROPA B","Rumania","ACTIVO","Liga 1 Rumania","https://betplay.com.co/apuestas#sports-hub/football/romania/liga_i","https://www.betsson.co/apuestas-deportivas/futbol/rumania/rumania-liga-i?tab=liveAndUpcoming","https://sports.sportium.com.co/sports/soccer/competitions/soccer-ro-sb_type_46019/matches","https://stake.com.co/es/deportes/football/romania/liga-i","https://apuestas.wplay.co/es/t/46019/Ruman%C3%ADa-Liga-1","https://www.bwin.co/es/sports/f%C3%BAtbol-4/apuestas/ruman%C3%ADa-24/superliga-2064","https://www.betano.co/sport/futbol/rumania/liga-1/17088/?bt=matchresult","https://www.rushbet.co/?page=sportsbook#filter/football/romania/liga_i","RumanÃ­a","Liga 1 RumanÃ­a","","https://sports.yajuego.co/competition/soccer/romania/superliga/1-9-101282","https://www.rivalo.co/es/sportsbook/football?tournament=sr:tournament:152","https://www.luckia.co/apuestas/futbol/rumania-superliga/51208/?date=sve","https://bingocasinos.co/es/football/ligaa1-282-13"	
46,"EUROPA B","Croacia","ACTIVO","HNL Croacia","https://betplay.com.co/apuestas#sports-hub/football/croatia/1__hnl_league","https://www.betsson.co/apuestas-deportivas/futbol/croacia/croacia-hnl?tab=liveAndUpcoming","https://sports.sportium.com.co/sports/soccer/competitions/soccer-hr-sb_type_19390/matches","https://stake.com.co/es/deportes/football/croatia/hnl","https://apuestas.wplay.co/es/t/19390/Croatia-HNL","https://www.bwin.co/es/sports/f%C3%BAtbol-4/apuestas/croacia-50/hnl-102164","https://www.betano.co/sport/futbol/croacia/hnl/16941/?bt=matchresult","https://www.rushbet.co/?page=sportsbook#filter/football/croatia/1__hnl_league","Croacia","","","https://sports.yajuego.co/competition/soccer/croatia/1.hnl/1-326-101244","","https://www.luckia.co/apuestas/futbol/croacia-hnl/51017/?date=sve","https://bingocasinos.co/es/football/hnl-333-13"	
47,"EUROPA B","HungrÃ­a","ACTIVO","NB-1 Hungara","https://betplay.com.co/apuestas#sports-hub/football/hungary/nb_1","https://www.betsson.co/apuestas-deportivas/futbol/hungaro/hungria-nb-i?tab=liveAndUpcoming","https://sports.sportium.com.co/sports/soccer/competitions/soccer-hu-sb_type_19316/matches","https://stake.com.co/es/deportes/football/hungary/nb-i","https://apuestas.wplay.co/es/t/19316/Hungr%C3%ADa-NB1","https://www.bwin.co/es/sports/f%C3%BAtbol-4/apuestas/hungr%C3%ADa-19/nb-i-101529","https://www.betano.co/sport/futbol/hungria/nb-i/17024/?bt=matchresult","","","","","https://sports.yajuego.co/competition/soccer/hungary/nbi/1-340-101246","","","https://bingocasinos.co/es/football/otpabankaliga-93-13"	
48,"EUROPA B","Eslovenia","","PRVA Liga Eslovenia","https://betplay.com.co/apuestas#sports-hub/football/slovenia/prva_liga","https://www.betsson.co/apuestas-deportivas/futbol/eslovenia/eslovenia-1-snl?tab=liveAndUpcoming","https://sports.sportium.com.co/sports/soccer/competitions/soccer-si-sb_type_19384/matches","https://stake.com.co/es/deportes/football/slovenia/prva-liga","https://apuestas.wplay.co/es/t/19384/Eslovenia-Prva-Liga","https://www.bwin.co/es/sports/f%C3%BAtbol-4/apuestas/eslovenia-27/1-snl-102216","","","","","","","","",""	
49,"EUROPA B","Ucrania","","Premier League Ucrania","https://betplay.com.co/apuestas#sports-hub/football/ukraine/premier_league","https://www.betsson.co/apuestas-deportivas/futbol/ukraine/ucrania-liga-premier?tab=liveAndUpcoming","https://sports.sportium.com.co/sports/soccer/competitions/soccer-ua-sb_type_19383/matches","https://stake.com.co/es/deportes/football/ukraine/premier-league","https://apuestas.wplay.co/es/t/19383/Ucrania-Premier-League","https://www.bwin.co/es/sports/f%C3%BAtbol-4/apuestas/ucrania-53/liga-premier-102227","","","","","","","","","https://bingocasinos.co/es/football/premieraleaguea421-421-13"	
50,"EUROPA B","Bulgaria","","Primera A Bulgara","https://betplay.com.co/apuestas#sports-hub/football/bulgaria/pfl_1","https://www.betsson.co/apuestas-deportivas/futbol/bulgaria/bulgaria-liga-1?tab=liveAndUpcoming","https://sports.sportium.com.co/sports/soccer/competitions/soccer-bg-sb_type_19391/matches","https://stake.com.co/es/deportes/football/bulgaria/1st-league","https://apuestas.wplay.co/es/t/19391/Bulgaria-First-League","https://www.bwin.co/es/sports/f%C3%BAtbol-4/apuestas/bulgaria-63/first-professional-league-2062","https://www.betano.co/sport/futbol/bulgaria/parva-liga/16918/?bt=matchresult","https://www.rushbet.co/?page=sportsbook#filter/football/bulgaria/pfl_1","Bulgaria","","","https://sports.yajuego.co/competition/soccer/bulgaria/firstprofessionalleague/1-218-101204","https://www.rivalo.co/es/sportsbook/football?tournament=sr:tournament:247","","https://bingocasinos.co/es/football/parvaafirstaleague-192-13"	
51,"EUROPA B","Irlanda","","Premier Division Irlanda","https://betplay.com.co/apuestas#sports-hub/football/ireland/premier_division","https://www.betsson.co/apuestas-deportivas/futbol/irlanda/airtricity-premier?tab=liveAndUpcoming","https://sports.sportium.com.co/sports/soccer/competitions/soccer-ie-sb_type_19427/matches","https://stake.com.co/es/deportes/football/ireland/premier","https://apuestas.wplay.co/es/t/19427/Premier-Division","https://www.bwin.co/es/sports/f%C3%BAtbol-4/apuestas/rep-irlanda-23/primera-divisi%C3%B3n-102208","","","Irlanda","","","","","","https://bingocasinos.co/es/football/loiapremieradivision-152-13"	
52,"EUROPA B","Islandia","","Urvalsdeild Islandia","https://betplay.com.co/apuestas#sports-hub/football/iceland/urvalsdeild","https://www.betsson.co/apuestas-deportivas/futbol/islandia/islandia-lengjudeild?tab=liveAndUpcoming","https://sports.sportium.com.co/sports/soccer/competitions/soccer-is-sb_type_19940/matches","https://stake.com.co/es/deportes/football/iceland/premier-league","https://apuestas.wplay.co/es/t/19940/Islandia-Liga-Premier","https://www.bwin.co/es/sports/f%C3%BAtbol-4/apuestas/islandia-49/urvalsdeild-102195","","","","","","","","",""	
53,"EUROPA B","Letonia","","Virsliga Letona","https://betplay.com.co/apuestas#sports-hub/football/latvia/virsliga","https://www.betsson.co/apuestas-deportivas/futbol/letonia/letonia-liga-1?tab=liveAndUpcoming","https://sports.sportium.com.co/sports/soccer/competitions/soccer-lv-sb_type_19492/matches","https://stake.com.co/es/deportes/football/latvia/virsliga","https://apuestas.wplay.co/es/t/19492/Letonia-Virsliga","https://www.bwin.co/es/sports/f%C3%BAtbol-4/apuestas/letonia-145/virsliga-102245","","","","","","","","",""	
54,"EUROPA B","Finlandia","","Veikkausliiga Finlandia","https://betplay.com.co/apuestas#sports-hub/football/finland/veikkausliiga","https://www.betsson.co/apuestas-deportivas/futbol/finlandia/primera-division-finlandesa?tab=liveAndUpcoming","https://sports.sportium.com.co/sports/soccer/competitions/soccer-fi-sb_type_19314/matches","https://stake.com.co/es/deportes/football/finland/veikkausliiga","https://apuestas.wplay.co/es/t/19314/Finlandia-Veikkausliiga","https://www.bwin.co/es/sports/f%C3%BAtbol-4/apuestas/finlandia-15/veikkausliiga-101886","","","","","","","","",""	
55,"EUROPA B","Estonia","","Esiliiga Estonia","https://betplay.com.co/apuestas#sports-hub/football/estonia/esiliiga","https://www.betsson.co/apuestas-deportivas/futbol/estonia/estonia-esiliiga-a?tab=liveAndUpcoming","https://sports.sportium.com.co/sports/soccer/competitions/soccer-ee-sb_type_19844/matches","https://stake.com.co/es/deportes/football/estonia/esiliiga","https://apuestas.wplay.co/es/t/19844/Estonia-Esiliiga","https://www.bwin.co/es/sports/f%C3%BAtbol-4/apuestas/estonia-61/esiliiga-a-102338","","","","","","","","",""	
56,"EUROPA B","Gales","ACTIVO","Cymru Premier Gales","https://betplay.com.co/apuestas#sports-hub/football/wales/premier_league","https://www.betsson.co/apuestas-deportivas/futbol/gales/premier-league-galesa?tab=liveAndUpcoming","https://sports.sportium.com.co/sports/soccer/competitions/soccer-wf-sb_type_19881/matches","https://stake.com.co/es/deportes/football/wales/premier-league","https://apuestas.wplay.co/es/t/19881/Gales-Premier-League","https://www.bwin.co/es/sports/f%C3%BAtbol-4/apuestas/gales-64/premier-league-101411","https://www.betano.co/sport/futbol/gales/cymru-premier/17403/?bt=matchresult","https://www.rushbet.co/?page=sportsbook#filter/football/wales/premier_league","Gales","Premier League de Gales","https://www.zamba.co/deportes/f%C3%BAtbol/gales/cymru-premier/matches/60416.1","https://sports.yajuego.co/competition/soccer/wales/premierleague/1-377-101643","https://www.rivalo.co/es/sportsbook/football?tournament=sr:tournament:254","",""	
57,"INTERCLUBES","CONMEBOL","ACTIVO","Copa Libertadores","https://betplay.com.co/apuestas#sports-hub/football/copa_libertadores","https://www.betsson.co/apuestas-deportivas/futbol/copa-libertadores/copa-libertadores?tab=liveAndUpcoming","https://sports.sportium.com.co/sports/soccer/competitions/soccer-int11-sb_type_19462/matches","https://stake.com.co/es/deportes/copa_libertadores","https://apuestas.wplay.co/es/t/19462/Copa-Libertadores","https://www.bwin.co/es/sports/f%C3%BAtbol-4/apuestas/sudam%C3%A9rica-42/conmebol-libertadores-0:15","https://www.betano.co/sport/futbol/campeonatos/copa-libertadores/189817/?bt=matchresult","https://www.rushbet.co/?page=sportsbook#filter/football/copa_libertadores","Clubes Internacional","Copa Libertadores","","https://sports.yajuego.co/popularCoupons/0/copalibertadores/341","https://www.rivalo.co/es/sportsbook/football?tournament=sr:tournament:384","https://www.luckia.co/apuestas/futbol/copa-libertadores-2026-ganador/527976/?date=sve","https://bingocasinos.co/es/football/conmebolacopaalibertadores-7-13"	
58,"INTERCLUBES","CONMEBOL","ACTIVO","Copa Sudamericana","https://betplay.com.co/apuestas#sports-hub/football/copa_sudamericana","https://www.betsson.co/apuestas-deportivas/futbol/copa-sudamericana/copa-sudamericana?tab=liveAndUpcoming","https://sports.sportium.com.co/sports/soccer/competitions/soccer-int11-sb_type_19348/matches","https://stake.com.co/es/deportes/Copa_Sudamericana","https://apuestas.wplay.co/es/t/19348/Copa-Sudamericana","https://www.bwin.co/es/sports/f%C3%BAtbol-4/apuestas/sudam%C3%A9rica-42/conmebol-sudamericana-0:16","https://www.betano.co/sport/futbol/campeonatos/copa-sudamericana/189818/?bt=matchresult","https://www.rushbet.co/?page=sportsbook#filter/football/copa_sudamericana","Clubes Internacional","Copa Sudamericana","https://www.zamba.co/deportes/futbol/international-clubs/conmebol-sudamericana","https://sports.yajuego.co/popularCoupons/0/copasudamericana/721","https://www.rivalo.co/es/sportsbook/football?tournament=sr:tournament:480","","https://bingocasinos.co/es/football/copaasudamericana-7-13"	
59,"INTERCLUBES","UEFA","ACTIVO","Champions League UEFA","https://betplay.com.co/apuestas#sports-hub/football/champions_league","https://www.betsson.co/apuestas-deportivas/futbol/champions-league/uefa-champions-league?tab=liveAndUpcoming","https://sports.sportium.com.co/sports/soccer/competitions/soccer-europe-sb_type_19161/matches","https://stake.com.co/es/deportes/uefa_champions","https://apuestas.wplay.co/es/t/19161/UEFA-Champions-League","https://www.bwin.co/es/sports/f%C3%BAtbol-4/apuestas/europa-7/uefa-champions-league-102855","https://www.betano.co/sport/futbol/campeonatos/champions-league/188566/?bt=matchresult","https://www.rushbet.co/?page=sportsbook#filter/football/champions_league","Clubes Internacional","UEFA Champions League","https://www.zamba.co/deportes/futbol/international-clubs/liga-campeones-uefa","https://sports.yajuego.co/popularCoupons/0/uefachampionsleague/589","https://www.rivalo.co/es/sportsbook/football?tournament=sr:tournament:7","https://www.luckia.co/apuestas/futbol/uefa-liga-de-campeones/50889/?date=sve","https://bingocasinos.co/es/football/uefaachampionsaleague-7-13"	
60,"INTERCLUBES","UEFA","ACTIVO","Europa League","https://betplay.com.co/apuestas#sports-hub/football/europa_league","https://www.betsson.co/apuestas-deportivas/futbol/europa-league/uefa-europa-league?tab=liveAndUpcoming","https://sports.sportium.com.co/sports/soccer/competitions/soccer-europe-sb_type_19162/matches","https://stake.com.co/es/deportes/football/europe/uefa-europa-league","https://apuestas.wplay.co/es/t/19162/UEFA-Liga-Europa","https://www.bwin.co/es/sports/f%C3%BAtbol-4/apuestas/europa-7/uefa-europa-league-102856","https://www.betano.co/sport/futbol/campeonatos/europa-league/188567/?bt=matchresult","https://www.rushbet.co/?page=sportsbook#filter/football/europa_league","Clubes Internacional","UEFA Europa League","https://www.zamba.co/deportes/football/international-clubs/liga-europa-de-la-uefa/matches/60330.1","https://sports.yajuego.co/popularCoupons/0/uefaeuropaleague/590","https://www.rivalo.co/es/sportsbook/football?tournament=sr%3Atournament%3A679","https://www.luckia.co/apuestas/futbol/uefa-europa-league/50879/?date=sve","https://bingocasinos.co/es/football/uefaaeuropaaleague-7-13"	
61,"INTERCLUBES","UEFA","","UEFA Conference League","https://betplay.com.co/apuestas#sports-hub/football/conference_league","https://www.betsson.co/apuestas-deportivas/futbol/conference-league/conference-league?tab=liveAndUpcoming","https://sports.sportium.com.co/sports/soccer/competitions/soccer-europe-sb_type_413776/matches","https://stake.com.co/es/deportes/football/europe/uefa-europa-conference-league","","https://www.bwin.co/es/sports/f%C3%BAtbol-4/apuestas/europa-7/uefa-conference-league-102919","https://www.betano.co/sport/futbol/campeonatos/conference-league/189602/?bt=matchresult","https://www.rushbet.co/?page=sportsbook#filter/football/conference_league","Clubes Internacional","","https://www.zamba.co/deportes/f%C3%BAtbol/international-clubs/uefa-europa-conference-league/matches/60354.1","","","",""	
62,"INTERCLUBES","UEFA","ACTIVO","Amistosos Clubes","https://betplay.com.co/apuestas#sports-hub/football/club_friendly_matches","https://www.betsson.co/apuestas-deportivas/futbol/amistosos/amistosos-de-clubes?tab=liveAndUpcoming","https://sports.sportium.com.co/sports/soccer/competitions/soccer-intc-sb_type_20183","https://stake.com.co/es/deportes/football/world/club-friendlies","https://apuestas.wplay.co/es/t/20183/Amistosos-Clubes","https://www.bwin.co/es/sports/f%C3%BAtbol-4/apuestas/mundo-6/amistosos-de-clubes-102533","https://www.betano.co/sport/futbol/clubes-internacionales/amistosos-de-clubes/17160/?bt=matchresult","https://www.rushbet.co/?page=sportsbook#filter/football/club_friendly_matches","Clubes Internacional","Amistosos de Clubes","https://www.zamba.co/deportes/football/international-clubs/amistosos-de-clubes/matches/60302.1","https://sports.yajuego.co/competition/soccer/internationalclubs/clubfriendlygames/1-7-101260","https://www.rivalo.co/es/sportsbook/football?tournament=sr:tournament:853","https://www.luckia.co/apuestas/futbol/amistosos-clubes/3385/?date=sve","https://bingocasinos.co/es/football/clubafriendlies-7-13"	
63,"INTERCLUBES","AFC (ASIA)","","Champions League AFC","https://betplay.com.co/apuestas#sports-hub/football/afc_champions_league","","","","","","","","","","","","","",""	
64,"AMERICA","Estados Unidos","","MLS","https://betplay.com.co/apuestas#sports-hub/football/usa/mls","https://www.betsson.co/apuestas-deportivas/futbol/usa/eeuu-mls?tab=liveAndUpcoming","https://sports.sportium.com.co/sports/soccer/competitions/soccer-us-sb_type_19302/matches","https://stake.com.co/es/deportes/football/usa/mls","https://apuestas.wplay.co/es/t/19302/EE.UU-MLS","https://www.bwin.co/es/sports/f%C3%BAtbol-4/apuestas/estados-unidos-39/mls-104417","","","EE.UU.","","","","","",""	
65,"AMERICA","MÃ©xico","ACTIVO","Liga MX","https://betplay.com.co/apuestas#sports-hub/football/mexico/liga_mx","https://www.betsson.co/apuestas-deportivas/futbol/mexico/mexico-liga-mx?tab=liveAndUpcoming","https://sports.sportium.com.co/sports/soccer/competitions/soccer-mx-sb_type_19329/matches","https://stake.com.co/es/deportes/football/mexico/primera","https://apuestas.wplay.co/es/LigaMX","https://www.bwin.co/es/sports/f%C3%BAtbol-4/apuestas/m%C3%A9xico-43/liga-mx-apertura-102373","https://www.betano.co/sport/futbol/mexico/liga-mx/17264/?bt=matchresult","https://www.rushbet.co/?page=sportsbook#filter/football/mexico/liga_mx","MÃ©xico","Liga MX","https://www.zamba.co/deportes/f%C3%BAtbol/m%C3%A9xico/liga-mx,-clausura/matches/63012.1","https://sports.yajuego.co/competition/soccer/mexico/primeradivision/1-353-101390","https://www.rivalo.co/es/sportsbook/football?tournament=sr:tournament:27466","https://www.luckia.co/apuestas/futbol/liga-mx/55473/?date=sve","https://bingocasinos.co/es/football/liga+bbva+bancomer"	
66,"AMERICA","Costa Rica","ACTIVO","Primera A Costa Rica","https://betplay.com.co/apuestas#sports-hub/football/costa_rica/primera_division_costa_rica","https://www.betsson.co/apuestas-deportivas/futbol/costa-rica/costa-rica-primera-division?tab=liveAndUpcoming","https://sports.sportium.com.co/sports/soccer/competitions/soccer-cr-sb_type_19402/matches","https://stake.com.co/es/deportes/football/costa-rica/primera-division-torneo-de-invierno","https://apuestas.wplay.co/es/t/19402/Costa-Rica-Primera-Divisi%C3%B3n","https://www.bwin.co/es/sports/f%C3%BAtbol-4/apuestas/costa-rica-104/primera-divisi%C3%B3n-apertura-101518","https://www.betano.co/sport/futbol/costa-rica/liga-fpd/17572/?bt=matchresult","https://www.rushbet.co/?page=sportsbook#filter/football/costa_rica/primera_division_costa_rica","Costa Rica","Primera DivisiÃ³n Costa Rica","https://www.zamba.co/deportes/f%C3%BAtbol/costa-rica/primera-divisi%C3%B3n,-clausura/matches/63491.1","https://sports.yajuego.co/competition/soccer/costarica/primeradivision/1-216-111785","https://www.rivalo.co/es/sportsbook/football?tournament=sr:tournament:27094","https://www.luckia.co/apuestas/futbol/costa-rica-primera-division/56209/?date=sve","https://bingocasinos.co/es/football/primeraadivision-171-13"	
67,"AMERICA","Jamaica","","Premier League Jamaica","https://betplay.com.co/apuestas#sports-hub/football/jamaica/premier_league","https://www.betsson.co/apuestas-deportivas/futbol/jamaica/jamaica-premier-league?tab=liveAndUpcoming","https://sports.sportium.com.co/sports/soccer/competitions/soccer-jm-sb_type_29773/matches","https://stake.com.co/es/deportes/football/jamaica/premier-league","https://apuestas.wplay.co/es/t/29773/Jamaica-Premier-League","https://www.bwin.co/es/sports/f%C3%BAtbol-4/apuestas/jamaica-138/liga-premier-102202","https://www.betano.co/sport/futbol/jamaica/premier-league/17611/?bt=matchresult","","Jamaica","Jamaica Premier League","","https://sports.yajuego.co/competition/soccer/jamaica/premierleague/1-345-101829","https://www.rivalo.co/es/sportsbook/football?tournament=sr:tournament:1892","https://www.luckia.co/apuestas/futbol/jamaica-premier-league/139545/?date=sve","https://bingocasinos.co/es/football/premier+league-537-13"	
68,"AFRICA","Egipto","ACTIVO","Egyptian Premier","https://betplay.com.co/apuestas#sports-hub/football/egypt/premier_league","https://www.betsson.co/apuestas-deportivas/futbol/egipto/egipto-liga-premier?tab=liveAndUpcoming","https://sports.sportium.com.co/sports/soccer/competitions/soccer-eg-sb_type_29730/matches","https://stake.com.co/es/deportes/football/egypt/egyptian-premier","https://apuestas.wplay.co/es/t/29730/Egipto-Premier-League","https://www.bwin.co/es/sports/f%C3%BAtbol-4/apuestas/egipto-111/premier-league-102172","","","Egipto","Premier League Egipto","","https://sports.yajuego.co/competition/soccer/egypt/premierleague/1-330-101406","","","https://bingocasinos.co/es/football/premier+league-390-13"	
69,"AFRICA","SudÃ¡frica","ACTIVO","Premier Sudafrica","https://betplay.com.co/apuestas#sports-hub/football/south_africa/sa_premier_soccer_league","https://www.betsson.co/apuestas-deportivas/futbol/south-africa/sudafrica-psl?tab=liveAndUpcoming","https://sports.sportium.com.co/sports/soccer/competitions/soccer-za-sb_type_29746/matches","https://stake.com.co/es/deportes/football/south-africa/premier-league","https://apuestas.wplay.co/es/t/29746/Sud%C3%A1frica-Premier-League","https://www.bwin.co/es/sports/f%C3%BAtbol-4/apuestas/sud%C3%A1frica-197/liga-premier-100015","","","","","","https://sports.yajuego.co/competition/soccer/southafrica/premiersoccerleague/1-217-101346","","","https://bingocasinos.co/es/football/premier+league-248-13"	
70,"AFRICA","Argelia","ACTIVO","Primera A Argelia","https://betplay.com.co/apuestas#sports-hub/football/algeria/ligue_1","https://www.betsson.co/apuestas-deportivas/futbol/argelia/argelia-liga-1?tab=liveAndUpcoming","https://sports.sportium.com.co/sports/soccer/competitions/soccer-dz-sb_type_29726","https://stake.com.co/es/deportes/football/algeria/division-1","https://apuestas.wplay.co/es/t/29726/Algeria-1%C2%AA-Division","https://www.bwin.co/es/sports/f%C3%BAtbol-4/apuestas/argelia-69/ligue-1-102233","https://www.betano.co/sport/futbol/argelia/ligue-1/187081/?bt=matchresult","","Argelia","1Âª DivisiÃ³n Argelia","https://www.zamba.co/deportes/f%C3%BAtbol/argelia/liga-1/matches/61034.1","https://sports.yajuego.co/competition/soccer/algeria/ligue1/1-314-101343","https://www.rivalo.co/es/sportsbook/football?tournament=sr:tournament:841","","https://bingocasinos.co/es/football/liguea1a193-193-13"	
71,"AFRICA","TÃºnez","","Primera A Tunez","https://betplay.com.co/apuestas#sports-hub/football/tunisia/ligue_1","https://www.betsson.co/apuestas-deportivas/futbol/tunez/tunisia-ligue-1?tab=liveAndUpcoming","https://sports.sportium.com.co/sports/soccer/competitions/soccer-tn-sb_type_29756/matches","https://stake.com.co/es/deportes/football/tunisia/League%201","https://apuestas.wplay.co/es/t/29756/T%C3%BAnez-Ligue-1","","","","","","","","","",""	
72,"ASIA","Arabia Saudita","ACTIVO","Sudi Pro League","https://betplay.com.co/apuestas#sports-hub/football/saudi_arabia/professional_league","https://www.betsson.co/apuestas-deportivas/futbol/arabia-saudita/saudi-arabia-proleague?tab=liveAndUpcoming","https://sports.sportium.com.co/sports/soccer/competitions/soccer-sa-sb_type_19361/matches","https://stake.com.co/es/deportes/football/saudi-arabia/pro-league","https://apuestas.wplay.co/es/t/19361/Arabia-Saudita-Professional-League","https://www.bwin.co/es/sports/f%C3%BAtbol-4/apuestas/arabia-saud%C3%AD-191/saudi-pro-league-102212","https://www.betano.co/sport/futbol/arabia-saudita/professional-league/17766/?bt=matchresult","https://www.rushbet.co/?page=sportsbook#filter/football/saudi_arabia/professional_league","Arabia SaudÃ­","Liga Profesional SaudÃ­","https://www.zamba.co/deportes/f%C3%BAtbol/saudi-arabia/liga-profesional-saud%C3%AD/matches/60391.1","https://sports.yajuego.co/competition/soccer/saudiarabia/saudiprofessionalleague/1-363-101203","https://www.rivalo.co/es/sportsbook/football?tournament=sr:tournament:955","https://www.luckia.co/apuestas/futbol/arabia-saudi-pro-league/50388/?date=sve","https://bingocasinos.co/es/football/professional+league-515-13"	
73,"ASIA","China","","Superliga China","https://betplay.com.co/apuestas#sports-hub/football/china/super_league","https://www.betsson.co/apuestas-deportivas/futbol/china/china-superliga?tab=liveAndUpcoming","https://sports.sportium.com.co/sports/soccer/competitions/soccer-cn-sb_type_19485/matches","https://stake.com.co/es/deportes/football/china/super-league","https://apuestas.wplay.co/es/t/19485/China-Super-Liga","","","","","","","","","",""	
74,"ASIA","Corea Del Sur","","K-League 1 Corea","https://betplay.com.co/apuestas#sports-hub/football/south_korea/k-league_1","https://www.betsson.co/apuestas-deportivas/futbol/corea-del-sur/corea-del-sur-k-league-1?tab=liveAndUpcoming","https://sports.sportium.com.co/sports/soccer/competitions/soccer-kr-sb_type_19306/matches","https://stake.com.co/es/deportes/football/south-korea/k-league-1","https://apuestas.wplay.co/es/t/19306/COREA-DEL-SUR-K-LEAGUE-1","","","","","","","","","",""	
75,"ASIA","JapÃ³n","","J1 League Japon","https://betplay.com.co/apuestas#sports-hub/football/japan/j1-league","https://www.betsson.co/apuestas-deportivas/futbol/japon/japon-j1-league?tab=liveAndUpcoming","https://sports.sportium.com.co/sports/soccer/competitions/soccer-jp-sb_type_19378/matches","https://stake.com.co/es/deportes/football/japan/j-league","https://apuestas.wplay.co/es/t/19378/Jap%C3%B3n-Liga-J","https://www.bwin.co/es/sports/f%C3%BAtbol-4/apuestas/jap%C3%B3n-52/liga-j-102360","","","","","","","","",""	
76,"ASIA","Catar","","Stars League Qatar","https://betplay.com.co/apuestas#sports-hub/football/qatar/stars_cup","https://www.betsson.co/apuestas-deportivas/futbol/qatar/qatar-stars-league?tab=liveAndUpcoming","https://sports.sportium.com.co/sports/soccer/competitions/soccer-qa-sb_type_19421/matches","https://stake.com.co/es/deportes/football/qatar/stars-league","https://apuestas.wplay.co/es/t/19421/Qatar-Stars-League","https://www.bwin.co/es/sports/f%C3%BAtbol-4/apuestas/qatar-186/liga-de-las-estrellas-102205","https://www.betano.co/sport/futbol/catar/stars-league/17539/?bt=matchresult","","","","https://www.zamba.co/deportes/f%C3%BAtbol/catar/liga-de-las-estrellas/matches/60858.1","https://sports.yajuego.co/competition/soccer/qatar/starsleague/1-64-101351","https://www.rivalo.co/es/sportsbook/football?tournament=sr:tournament:825","",""	
77,"OCEANIA","Australia","ACTIVO","A-Liga Australia","https://betplay.com.co/apuestas#sports-hub/football/australia/a-league","https://www.betsson.co/apuestas-deportivas/futbol/australia/australia-a-liga?tab=liveAndUpcoming","https://sports.sportium.com.co/sports/soccer/competitions/soccer-au-sb_type_29774/matches","https://stake.com.co/es/deportes/football/australia/a-league","https://apuestas.wplay.co/es/t/29774/Australia-A-League","https://www.bwin.co/es/sports/f%C3%BAtbol-4/apuestas/australia-60/liga-a-2068","https://www.betano.co/sport/futbol/australia/a-league/16816/?bt=matchresult","","Australia","A-League","https://www.zamba.co/deportes/f%C3%BAtbol/australia/liga-a/matches/61265.1","https://sports.yajuego.co/competition/soccer/australia/a-league/1-316-101205","https://www.rivalo.co/es/sportsbook/football?tournament=sr:tournament:136","https://www.luckia.co/apuestas/futbol/australia-a-league/2967/?date=sve","https://bingocasinos.co/es/football/a-league-103-13"	
78,"ASIA","Emiratos Arabes U","","UAE Pro League","https://betplay.com.co/apuestas#sports-hub/football/united_arab_emirates/arabian_gulf_league","https://www.betsson.co/apuestas-deportivas/futbol/uae/uae-league?tab=liveAndUpcoming","https://sports.sportium.com.co/sports/soccer/competitions/soccer-ae-sb_type_19440/matches","https://stake.com.co/es/deportes/football/uae/premier-league","https://apuestas.wplay.co/es/t/19440/UAE-Arabian-Gulf-League","https://www.bwin.co/es/sports/f%C3%BAtbol-4/apuestas/emiratos-%C3%A1rabes-unidos-219/pro-league-102230","https://www.betano.co/sport/futbol/emiratos-arabes-unidos/pro-league/17530/","","Emiratos Ãrabes Unidos","UAE Pro League","https://www.zamba.co/deportes/f%C3%BAtbol/united-arab-emirates/liga-del-golfo-%C3%81rabe/matches/60930.1","https://sports.yajuego.co/competition/soccer/emiratosarabes/arabiangulfleague/1-215-101339","https://www.rivalo.co/es/sportsbook/football?tournament=sr:tournament:971","https://www.luckia.co/apuestas/futbol/emiratos-arabes-pro-league/50020/?date=sve","https://bingocasinos.co/es/football/premieraleaguea501-501-13"	
79,"ELIMINATORIAS","UEFA","","Eliminatorias Mundial UEFA","https://betplay.com.co/apuestas#sports-hub/football/world_cup_qualifying_-_europe","https://www.betsson.co/apuestas-deportivas/futbol/mundial/eliminatorias-uefa?tab=liveAndUpcoming","https://sports.sportium.com.co/sports/soccer/competitions/soccer-int2-sb_type_583780/matches","https://stake.com.co/es/deportes/football/world/eliminatorias-uefa","","","","","","","","","","",""	
80,"ELIMINATORIAS","CAF (AFRICA)","","Eliminatorias Mundial CAF","https://betplay.com.co/apuestas#sports-hub/football/world_cup_qualifying_-_africa","","","","","","","","","","","","","",""	
81,"ELIMINATORIAS","AFC (ASIA)","","Eliminatorias Mundial AFC","https://betplay.com.co/apuestas#sports-hub/football/world_cup_qualifying_-_asia","","","","","","","","","","","","","",""	
82,"ELIMINATORIAS","CONMEBOL","","Eliminatorias Mundial CONMEBOL","","","","","","","","","","","","","","",""	
83,"ELIMINATORIAS","CONCACAF","","Eliminatorias Mundial CONCACAF","https://betplay.com.co/apuestas#sports-hub/football/world_cup_qualifying_-_north__central___caribbean","","","","","","","","","","","","","",""	
84,"ELIMINATORIAS","FIFA","","Repechaje mundial 2026","https://betplay.com.co/apuestas#sports-hub/football/world_cup_qualification_play_off","","","https://stake.com.co/es/deportes/football/world/eliminatorias-uefa","","","","","","","","","","https://www.luckia.co/apuestas/futbol/copa-del-mundo-clasificacion-uefa/56729/?date=sve",""	
85,"INTERPAISES","UEFA","","Eurocopa de Naciones","","","","","","","https://www.betano.co/sport/futbol/campeonatos/eurocopa/189663/","","","","","","","",""	
86,"INTERPAISES","CAF (AFRICA)","","Copa Africana de Naciones ","https://betplay.com.co/apuestas#sports-hub/football/africa_cup_of_nations","https://www.betsson.co/apuestas-deportivas/futbol/copa-africana-de-naciones/copa-africana-de-naciones?tab=liveAndUpcoming","https://sports.sportium.com.co/sports/soccer/competitions/soccer-africa-sb_type_557799/matches","https://stake.com.co/es/deportes/football/africa/africa-cup-of-nations","https://apuestas.wplay.co/es/t/557799/Copa-Africana-de-Naciones-Partidos","https://www.bwin.co/es/sports/f%C3%BAtbol-4/apuestas/%C3%A1frica-11/copa-%C3%A1frica-de-naciones-0:11","https://www.betano.co/sport/futbol/caf/copa-africana-de-naciones/481g/?bt=matchresult","https://www.rushbet.co/?page=sportsbook#filter/football/africa_cup_of_nations","Internacional","Copa Africana de Naciones","","https://sports.yajuego.co/competition/soccer/international/africacupofnations/1-8-106431","https://www.rivalo.co/es/sportsbook/football?tournament=sr:tournament:270","https://www.luckia.co/apuestas/futbol/copa-africana-de-naciones/51066/?date=sve","https://bingocasinos.co/es/football/africaacupaofanations-7-13"	
87,"INTERPAISES","CONMEBOL","","Copa America de Naciones","","","","","","","","","","","","","","",""	
88,"INTERPAISES","CONCACAF","","Copa de Oro","","","","","","","","","","","","","","",""	
89,"INTERPAISES","AFC (ASIA)","","Copa Asiatica de Naciones","","","","","","","","","","","","","","",""	
90,"INTERPAISES","FIFA","ACTIVO","Amistosos de Naciones","","","","","","https://www.bwin.co/es/sports/f%C3%BAtbol-4/apuestas/mundo-6/amistosos-int-102897","https://www.betano.co/sport/futbol/internacional/amistosos/17026/?bt=matchresult","","","","","","","https://www.luckia.co/apuestas/futbol/partidos-amistosos/50508/?date=sve","https://bingocasinos.co/es/football/friendliesanationalateams-7-13"	
93,"MUNDIALES","FIFA","","Copa Mundial 2026","https://betplay.com.co/apuestas#sports-hub/football/world_cup_2026","https://www.betsson.co/apuestas-deportivas/futbol/mundial/mundial?tab=liveAndUpcoming","https://sports.sportium.com.co/sports/soccer/competitions/soccer-int2-sb_type_296772/matches","https://stake.com.co/es/deportes/football/world/fifa-world-cup","https://apuestas.wplay.co/es/t/296772/Mundial-2026-Partidos","https://www.bwin.co/es/sports/f%C3%BAtbol-4/apuestas/mundo-6/mundial-2026-0:14","https://www.betano.co/sport/futbol/campeonatos/mundial/189813/","https://www.rushbet.co/?page=sportsbook#filter/football/world_cup_2026","FIFA Copa Mundial 2026","Partidos - Mundial 2026","https://www.zamba.co/deportes/f%C3%BAtbol/international/copa-mundial/matches/60392.1","https://sports.yajuego.co/popularCoupons/0/copadelmundo2026/1621","https://www.rivalo.co/es/sportsbook/football?tournament=sr:tournament:16","https://www.luckia.co/apuestas/futbol/copa-del-mundo/208008/?date=sve",""	
94,"MUNDO","FIFA","","FINALISIMA","","","https://sports.sportium.com.co/sports/soccer/competitions/soccer-int6-sb_type_579789/matches","","https://apuestas.wplay.co/es/t/579789/Finalissima","","https://www.betano.co/sport/futbol/internacional/finalissima/198734/?bt=matchresult","","","","","","","",""	
95,"","","ACTIVO","RECOPA SUDAMERICANA","","","","","","","","","","","","https://sports.yajuego.co/competition/soccer/internationalclubs/recopasudamericana/1-7-101934","","https://www.luckia.co/apuestas/futbol/recopa-sudamericana/56559/?date=sve",""	
96,"","","","","","","","","","","","","","","","","","",""	
97,"","","","","","","","","","","","","","","","","","",""	
98,"","","","","","","","","","","","","","","","","","",""	
99,"","","","","","","","","","","","","","","","","","",""	
100,"","","","","","","","","","","","","","","","","","",""	
101,"","","","","","","","","","","","","","","","","","",""	
102,"","","","","","","","","","","","","","","","","","",""	

